CzasPomiaru;Temperatura;PrÄ™dkoscWiatru;KierunekWiatru;WilgotnoscPowietrza;Zachmurzenie
28.05.2021 12:21:12;-88;243;zachod;0,2981;male
28.05.2021 13:21:12;-31;338;wschod;0,1549;duze
28.05.2021 14:21:12;-17;106;polnoc;0,1165;brak
28.05.2021 15:21:12;-52;311;zachod;0,8857;srednie
28.05.2021 16:21:12;-3;194;zachod;0,113;srednie
28.05.2021 17:21:12;-41;116;wschod;0,1562;male
28.05.2021 18:21:12;-8;82;polnoc;0,4562;brak
28.05.2021 19:21:12;56;327;zachod;0,4198;duze
28.05.2021 20:21:12;19;61;wschod;0,7336;brak
28.05.2021 21:21:12;-53;167;polnoc;0,4786;duze
28.05.2021 22:21:12;7;122;wschod;0,5746;male
28.05.2021 23:21:12;-6;186;zachod;0,8486;duze
29.05.2021 00:21:12;41;390;poludnie;0,9681;duze
29.05.2021 01:21:12;12;328;polnoc;0,7613;male
29.05.2021 02:21:12;-11;295;zachod;0,3368;duze
29.05.2021 03:21:12;-57;367;wschod;0,2755;brak
29.05.2021 04:21:12;-56;141;poludnie;0,2371;duze
29.05.2021 05:21:12;44;43;poludnie;0,8571;male
29.05.2021 06:21:12;-56;326;zachod;0,6925;male
29.05.2021 07:21:12;38;310;wschod;0,0773;duze
29.05.2021 08:21:12;-49;105;poludnie;0,2692;srednie
29.05.2021 09:21:12;-7;205;polnoc;0,9587;srednie
29.05.2021 10:21:12;-34;17;zachod;0,7212;brak
29.05.2021 11:21:12;-68;7;poludnie;0,8019;male
29.05.2021 12:21:12;7;218;zachod;0,6037;srednie
29.05.2021 13:21:12;5;135;polnoc;0,0448;srednie
29.05.2021 14:21:12;-54;165;polnoc;0,1664;brak
29.05.2021 15:21:12;-32;105;poludnie;0,301;male
29.05.2021 16:21:12;-26;17;polnoc;0,2328;duze
29.05.2021 17:21:12;41;242;zachod;0,0512;male
29.05.2021 18:21:12;-48;69;poludnie;0,9867;male
29.05.2021 19:21:12;-22;225;polnoc;0,8348;brak
29.05.2021 20:21:12;-2;79;wschod;0,6432;male
29.05.2021 21:21:12;7;391;polnoc;0,04;male
29.05.2021 22:21:12;19;176;zachod;0,1825;brak
29.05.2021 23:21:12;14;167;poludnie;0,7526;brak
30.05.2021 00:21:12;14;92;polnoc;0,5959;male
30.05.2021 01:21:12;6;374;zachod;0,5469;male
30.05.2021 02:21:12;55;333;wschod;0,9305;duze
30.05.2021 03:21:12;4;47;wschod;0,5302;male
30.05.2021 04:21:12;-77;397;zachod;0,6342;brak
30.05.2021 05:21:12;-88;71;zachod;0,7539;duze
30.05.2021 06:21:12;25;132;polnoc;0,861;brak
30.05.2021 07:21:12;-70;347;wschod;0,1799;male
30.05.2021 08:21:12;18;290;poludnie;0,4931;brak
30.05.2021 09:21:12;-29;33;wschod;0,659;brak
30.05.2021 10:21:12;-69;248;wschod;0,9798;duze
30.05.2021 11:21:12;-50;299;poludnie;0,1949;male
30.05.2021 12:21:12;34;184;polnoc;0,6859;brak
30.05.2021 13:21:12;-57;3;poludnie;0,5269;male
30.05.2021 14:21:12;-63;66;polnoc;0,9875;duze
30.05.2021 15:21:12;-21;369;poludnie;0,6785;duze
30.05.2021 16:21:12;-41;304;poludnie;0,3852;duze
30.05.2021 17:21:12;-61;285;wschod;0,1844;male
30.05.2021 18:21:12;0;232;poludnie;0,8861;male
30.05.2021 19:21:12;-63;369;wschod;0,8975;male
30.05.2021 20:21:12;21;247;wschod;0,9919;srednie
30.05.2021 21:21:12;-78;24;poludnie;0,8728;srednie
30.05.2021 22:21:12;-41;19;zachod;0,8402;srednie
30.05.2021 23:21:12;10;389;wschod;0,6264;brak
31.05.2021 00:21:12;32;282;poludnie;0,548;duze
31.05.2021 01:21:12;42;308;wschod;0,7134;male
31.05.2021 02:21:12;-47;236;poludnie;0,7452;duze
31.05.2021 03:21:12;-3;150;poludnie;0,2406;srednie
31.05.2021 04:21:12;13;24;wschod;0,0501;male
31.05.2021 05:21:12;47;228;poludnie;0,2979;brak
31.05.2021 06:21:12;14;33;polnoc;0,7635;male
31.05.2021 07:21:12;52;330;zachod;0,4862;male
31.05.2021 08:21:12;12;78;polnoc;0,137;brak
31.05.2021 09:21:12;-7;53;poludnie;0,1423;srednie
31.05.2021 10:21:12;-53;200;polnoc;0,2377;srednie
31.05.2021 11:21:12;-43;97;polnoc;0,2484;brak
31.05.2021 12:21:12;7;41;poludnie;0,4848;brak
31.05.2021 13:21:12;-42;204;zachod;0,7205;duze
31.05.2021 14:21:12;-14;243;poludnie;0,0012;srednie
31.05.2021 15:21:12;57;365;polnoc;0,0735;male
31.05.2021 16:21:12;-14;404;zachod;0,6558;male
31.05.2021 17:21:12;55;0;polnoc;0,0994;srednie
31.05.2021 18:21:12;-67;48;zachod;0,8669;duze
31.05.2021 19:21:12;54;110;zachod;0,5029;male
31.05.2021 20:21:12;-55;217;polnoc;0,6231;male
31.05.2021 21:21:12;14;196;wschod;0,5297;male
31.05.2021 22:21:12;-48;251;zachod;0,1732;brak
31.05.2021 23:21:12;50;345;wschod;0,2641;male
01.06.2021 00:21:12;-25;101;wschod;0,6219;male
01.06.2021 01:21:12;-8;30;wschod;0,8663;male
01.06.2021 02:21:12;38;251;poludnie;0,0078;duze
01.06.2021 03:21:12;-69;124;wschod;0,0169;duze
01.06.2021 04:21:12;26;85;poludnie;0,712;duze
01.06.2021 05:21:12;-47;137;zachod;0,8431;srednie
01.06.2021 06:21:12;11;251;wschod;0,3189;male
01.06.2021 07:21:12;-37;399;wschod;0,2812;srednie
01.06.2021 08:21:12;-82;281;zachod;0,2648;male
01.06.2021 09:21:12;-84;274;zachod;0,8623;duze
01.06.2021 10:21:12;-10;95;polnoc;0,5404;brak
01.06.2021 11:21:12;46;15;polnoc;0,479;srednie
01.06.2021 12:21:12;-23;166;poludnie;0,5668;duze
01.06.2021 13:21:12;46;312;poludnie;0,1786;male
01.06.2021 14:21:12;-65;249;zachod;0,688;duze
01.06.2021 15:21:12;-11;393;wschod;0,7533;duze
01.06.2021 16:21:12;-25;331;polnoc;0,4536;srednie
01.06.2021 17:21:12;44;249;poludnie;0,0517;brak
01.06.2021 18:21:12;-44;147;zachod;0,6161;brak
01.06.2021 19:21:12;-88;57;wschod;0,1018;male
01.06.2021 20:21:12;14;133;zachod;0,8473;male
01.06.2021 21:21:12;-2;300;zachod;0,2972;srednie
01.06.2021 22:21:12;-10;254;wschod;0,7519;male
01.06.2021 23:21:12;19;25;polnoc;0,2229;duze
02.06.2021 00:21:12;-29;373;zachod;0,7413;male
02.06.2021 01:21:12;-39;198;polnoc;0,3708;srednie
02.06.2021 02:21:12;-31;296;wschod;0,7998;duze
02.06.2021 03:21:12;-15;172;poludnie;0,4506;srednie
02.06.2021 04:21:12;8;307;poludnie;0,5641;male
02.06.2021 05:21:12;-77;239;wschod;0,8955;brak
02.06.2021 06:21:12;-63;98;polnoc;0,5614;male
02.06.2021 07:21:12;36;12;poludnie;0,5765;male
02.06.2021 08:21:12;-39;387;wschod;0,0983;duze
02.06.2021 09:21:12;-78;221;wschod;0,0393;male
02.06.2021 10:21:12;40;379;wschod;0,1769;brak
02.06.2021 11:21:12;39;325;wschod;0,7419;duze
02.06.2021 12:21:12;28;307;zachod;0,8483;duze
02.06.2021 13:21:12;-45;240;polnoc;0,3047;brak
02.06.2021 14:21:12;44;171;poludnie;0,3324;male
02.06.2021 15:21:12;-70;271;polnoc;0,852;male
02.06.2021 16:21:12;1;132;wschod;0,3816;duze
02.06.2021 17:21:12;3;132;poludnie;0,5147;duze
02.06.2021 18:21:12;57;147;polnoc;0,5418;srednie
02.06.2021 19:21:12;-38;97;poludnie;0,1806;male
02.06.2021 20:21:12;-14;34;wschod;0,7382;male
02.06.2021 21:21:12;-42;154;polnoc;0,0804;duze
02.06.2021 22:21:12;-49;124;wschod;0,0648;male
02.06.2021 23:21:12;-42;17;polnoc;0,0354;duze
03.06.2021 00:21:12;-10;82;zachod;0,9695;srednie
03.06.2021 01:21:12;-39;390;zachod;0,6717;duze
03.06.2021 02:21:12;-49;110;wschod;0,6074;male
03.06.2021 03:21:12;-81;298;wschod;0,1295;duze
03.06.2021 04:21:12;-71;380;poludnie;0,4717;duze
03.06.2021 05:21:12;-88;120;zachod;0,6296;srednie
03.06.2021 06:21:12;54;137;wschod;0,975;srednie
03.06.2021 07:21:12;-5;132;wschod;0,8828;srednie
03.06.2021 08:21:12;20;106;zachod;0,6726;srednie
03.06.2021 09:21:12;37;151;zachod;0,343;duze
03.06.2021 10:21:12;-22;81;poludnie;0,8338;male
03.06.2021 11:21:12;-65;218;polnoc;0,8993;brak
03.06.2021 12:21:12;2;172;polnoc;0,6014;male
03.06.2021 13:21:12;44;5;polnoc;0,4264;srednie
03.06.2021 14:21:12;-26;18;zachod;0,2753;duze
03.06.2021 15:21:12;13;372;zachod;0,9274;brak
03.06.2021 16:21:12;-2;101;poludnie;0,859;brak
03.06.2021 17:21:12;-27;9;poludnie;0,5221;srednie
03.06.2021 18:21:12;-44;364;poludnie;0,9388;male
03.06.2021 19:21:12;-73;275;poludnie;0,0857;brak
03.06.2021 20:21:12;25;263;wschod;0,5599;brak
03.06.2021 21:21:12;-85;254;polnoc;0,5043;srednie
03.06.2021 22:21:12;-20;11;wschod;0,4632;srednie
03.06.2021 23:21:12;38;17;zachod;0,7071;male
04.06.2021 00:21:12;18;4;zachod;0,2775;srednie
04.06.2021 01:21:12;44;206;wschod;0,3223;duze
04.06.2021 02:21:12;-71;255;zachod;0,2783;brak
04.06.2021 03:21:12;29;331;polnoc;0,8908;male
04.06.2021 04:21:12;-41;79;poludnie;0,3136;duze
04.06.2021 05:21:12;46;82;polnoc;0,1294;duze
04.06.2021 06:21:12;51;322;poludnie;0,0429;male
04.06.2021 07:21:12;31;145;wschod;0,2191;brak
04.06.2021 08:21:12;29;404;poludnie;0,8642;duze
04.06.2021 09:21:12;30;205;polnoc;0,3226;duze
04.06.2021 10:21:12;13;16;polnoc;0,0392;duze
04.06.2021 11:21:12;-83;247;polnoc;0,4505;male
04.06.2021 12:21:12;-10;55;zachod;0,8463;srednie
04.06.2021 13:21:12;36;130;polnoc;0,9901;brak
04.06.2021 14:21:12;-22;367;zachod;0,6629;brak
04.06.2021 15:21:12;-79;192;poludnie;0,0268;brak
04.06.2021 16:21:12;33;10;zachod;0,6225;srednie
04.06.2021 17:21:12;-85;173;zachod;0,8522;brak
04.06.2021 18:21:12;37;144;wschod;0,6275;brak
04.06.2021 19:21:12;9;82;wschod;0,0635;brak
04.06.2021 20:21:12;-5;84;poludnie;0,0291;srednie
04.06.2021 21:21:12;-20;284;zachod;0,9912;brak
04.06.2021 22:21:12;-53;25;zachod;0,8088;srednie
04.06.2021 23:21:12;-25;53;poludnie;0,5133;brak
05.06.2021 00:21:12;47;40;polnoc;0,7976;duze
05.06.2021 01:21:12;-84;105;polnoc;0,1725;brak
05.06.2021 02:21:12;-17;327;wschod;0,8798;duze
05.06.2021 03:21:12;32;356;polnoc;0,7743;male
05.06.2021 04:21:12;20;121;poludnie;0,6997;male
05.06.2021 05:21:12;42;180;zachod;0,5373;brak
05.06.2021 06:21:12;-49;84;poludnie;0,0336;male
05.06.2021 07:21:12;-53;158;wschod;0,0234;srednie
05.06.2021 08:21:12;0;305;zachod;0,7667;duze
05.06.2021 09:21:12;-69;18;poludnie;0,4585;duze
05.06.2021 10:21:12;-81;220;wschod;0,4102;brak
05.06.2021 11:21:12;50;100;wschod;0,7076;brak
05.06.2021 12:21:12;1;195;zachod;0,9095;male
05.06.2021 13:21:12;43;136;polnoc;0,6424;duze
05.06.2021 14:21:12;55;384;zachod;0,1274;srednie
05.06.2021 15:21:12;-7;355;poludnie;0,1013;male
05.06.2021 16:21:12;3;160;poludnie;0,8583;brak
05.06.2021 17:21:12;-34;267;wschod;0,1729;duze
05.06.2021 18:21:12;-75;144;wschod;0,5933;duze
05.06.2021 19:21:12;-10;298;wschod;0,8369;male
05.06.2021 20:21:12;49;319;zachod;0,9453;male
05.06.2021 21:21:12;-72;101;wschod;0,3829;brak
05.06.2021 22:21:12;41;243;wschod;0,6393;male
05.06.2021 23:21:12;-20;301;zachod;0,4271;duze
06.06.2021 00:21:12;13;377;poludnie;0,4173;male
06.06.2021 01:21:12;53;97;zachod;0,4702;brak
06.06.2021 02:21:12;-87;191;poludnie;0,0214;brak
06.06.2021 03:21:12;-19;16;poludnie;0,2658;srednie
06.06.2021 04:21:12;43;36;poludnie;0,435;male
06.06.2021 05:21:12;-11;260;zachod;0,9578;male
06.06.2021 06:21:12;-85;263;polnoc;0,2361;srednie
06.06.2021 07:21:12;57;51;wschod;0,8444;male
06.06.2021 08:21:12;-31;106;wschod;0,0717;duze
06.06.2021 09:21:12;-28;128;poludnie;0,3232;srednie
06.06.2021 10:21:12;1;217;wschod;0,6514;male
06.06.2021 11:21:12;-85;304;polnoc;0,6992;male
06.06.2021 12:21:12;-66;86;polnoc;0,8078;duze
06.06.2021 13:21:12;38;297;polnoc;0,8267;srednie
06.06.2021 14:21:12;29;355;polnoc;0,0775;srednie
06.06.2021 15:21:12;5;150;poludnie;0,8851;male
06.06.2021 16:21:12;-50;46;poludnie;0,8472;brak
06.06.2021 17:21:12;-63;189;polnoc;0,574;brak
06.06.2021 18:21:12;-64;272;polnoc;0,242;male
06.06.2021 19:21:12;-70;367;poludnie;0,946;srednie
06.06.2021 20:21:12;-12;241;poludnie;0,138;duze
06.06.2021 21:21:12;-54;193;polnoc;0,5135;duze
06.06.2021 22:21:12;-62;327;polnoc;0,6755;male
06.06.2021 23:21:12;8;204;wschod;0,5383;srednie
07.06.2021 00:21:12;26;119;wschod;0,283;male
07.06.2021 01:21:12;-84;120;zachod;0,0843;male
07.06.2021 02:21:12;24;253;polnoc;0,7633;srednie
07.06.2021 03:21:12;47;148;wschod;0,4144;male
07.06.2021 04:21:12;-73;65;polnoc;0,9561;duze
07.06.2021 05:21:12;-25;58;zachod;0,53;brak
07.06.2021 06:21:12;-56;64;polnoc;0,1261;srednie
07.06.2021 07:21:12;-9;269;poludnie;0,9728;male
07.06.2021 08:21:12;40;193;polnoc;0,0914;srednie
07.06.2021 09:21:12;21;356;poludnie;0,0108;duze
07.06.2021 10:21:12;37;309;wschod;0,9151;duze
07.06.2021 11:21:12;-15;354;polnoc;0,7877;brak
07.06.2021 12:21:12;1;319;poludnie;0,0741;duze
07.06.2021 13:21:12;-11;399;zachod;0,326;srednie
07.06.2021 14:21:12;-78;48;polnoc;0,1466;brak
07.06.2021 15:21:12;29;376;zachod;0,367;brak
07.06.2021 16:21:12;35;86;polnoc;0,7806;duze
07.06.2021 17:21:12;28;95;wschod;0,1239;srednie
07.06.2021 18:21:12;-47;324;wschod;0,1941;duze
07.06.2021 19:21:12;47;397;poludnie;0,1445;male
07.06.2021 20:21:12;-86;250;polnoc;0,5492;male
07.06.2021 21:21:12;11;6;wschod;0,9863;duze
07.06.2021 22:21:12;-71;194;polnoc;0,8517;male
07.06.2021 23:21:12;-17;194;polnoc;0,5897;male
08.06.2021 00:21:12;-45;242;poludnie;0,6535;brak
08.06.2021 01:21:12;-63;325;polnoc;0,2664;male
08.06.2021 02:21:12;-88;177;zachod;0,5479;duze
08.06.2021 03:21:12;-17;56;poludnie;0,9295;brak
08.06.2021 04:21:12;10;160;polnoc;0,6991;srednie
08.06.2021 05:21:12;-18;206;polnoc;0,2515;srednie
08.06.2021 06:21:12;10;391;poludnie;0,8472;srednie
08.06.2021 07:21:12;-62;110;zachod;0,462;male
08.06.2021 08:21:12;-13;100;poludnie;0,3528;male
08.06.2021 09:21:12;-77;318;wschod;0,0412;male
08.06.2021 10:21:12;-27;227;poludnie;0,5409;brak
08.06.2021 11:21:12;-2;246;polnoc;0,9089;srednie
08.06.2021 12:21:12;-17;337;poludnie;0,7527;srednie
08.06.2021 13:21:12;33;41;polnoc;0,3798;brak
08.06.2021 14:21:12;1;316;poludnie;0,4466;brak
08.06.2021 15:21:12;12;378;wschod;0,0999;srednie
08.06.2021 16:21:12;46;395;zachod;0,7552;duze
08.06.2021 17:21:12;28;278;polnoc;0,2367;duze
08.06.2021 18:21:12;40;37;wschod;0,1659;srednie
08.06.2021 19:21:12;-68;60;poludnie;0,3552;srednie
08.06.2021 20:21:12;20;318;polnoc;0,4698;srednie
08.06.2021 21:21:12;-85;331;wschod;0,8479;male
08.06.2021 22:21:12;23;161;zachod;0,3692;male
08.06.2021 23:21:12;-21;383;poludnie;0,0794;male
09.06.2021 00:21:12;33;66;wschod;0,9856;srednie
09.06.2021 01:21:12;-74;227;zachod;0,4331;duze
09.06.2021 02:21:12;-86;207;zachod;0,7236;male
09.06.2021 03:21:12;-21;72;wschod;0,5723;duze
09.06.2021 04:21:12;12;200;polnoc;0,8776;duze
09.06.2021 05:21:12;57;261;wschod;0,0892;duze
09.06.2021 06:21:12;-34;284;polnoc;0,5473;duze
09.06.2021 07:21:12;33;39;zachod;0,8548;male
09.06.2021 08:21:12;5;256;wschod;0,7908;duze
09.06.2021 09:21:12;-88;389;zachod;0,7317;brak
09.06.2021 10:21:12;-36;236;polnoc;0,3191;brak
09.06.2021 11:21:12;8;71;zachod;0,2478;male
09.06.2021 12:21:12;-66;211;wschod;0,5402;duze
09.06.2021 13:21:12;-21;338;wschod;0,7548;brak
09.06.2021 14:21:12;-1;35;polnoc;0,8318;srednie
09.06.2021 15:21:12;-71;317;zachod;0,3981;duze
09.06.2021 16:21:12;29;296;zachod;0,7217;duze
09.06.2021 17:21:12;-30;125;poludnie;0,0113;brak
09.06.2021 18:21:12;17;180;wschod;0,9931;male
09.06.2021 19:21:12;-51;332;poludnie;0,591;brak
09.06.2021 20:21:12;34;97;polnoc;0,3432;male
09.06.2021 21:21:12;-58;132;zachod;0,7959;brak
09.06.2021 22:21:12;-83;369;poludnie;0,1725;male
09.06.2021 23:21:12;20;375;wschod;0,9589;srednie
10.06.2021 00:21:12;45;109;polnoc;0,2355;male
10.06.2021 01:21:12;-41;276;zachod;0,6524;duze
10.06.2021 02:21:12;19;333;poludnie;0,9475;male
10.06.2021 03:21:12;51;303;zachod;0,8706;male
10.06.2021 04:21:12;-11;299;wschod;0,3786;brak
10.06.2021 05:21:12;16;59;poludnie;0,0547;male
10.06.2021 06:21:12;-18;206;wschod;0,6781;male
10.06.2021 07:21:12;58;242;poludnie;0,3637;male
10.06.2021 08:21:12;-68;89;polnoc;0,4554;srednie
10.06.2021 09:21:12;-49;125;poludnie;0,0267;male
10.06.2021 10:21:12;-31;320;wschod;0,5021;brak
10.06.2021 11:21:12;-45;263;polnoc;0,8242;srednie
10.06.2021 12:21:12;-60;330;polnoc;0,0861;brak
10.06.2021 13:21:12;49;245;wschod;0,8331;srednie
10.06.2021 14:21:12;-55;240;wschod;0,1425;male
10.06.2021 15:21:12;-52;170;wschod;0,8218;male
10.06.2021 16:21:12;-25;364;polnoc;0,0521;brak
10.06.2021 17:21:12;-42;114;poludnie;0,2443;male
10.06.2021 18:21:12;12;321;poludnie;0,6763;srednie
10.06.2021 19:21:12;-58;279;polnoc;0,5791;male
10.06.2021 20:21:12;-60;136;zachod;0,6189;duze
10.06.2021 21:21:12;12;170;poludnie;0,7569;male
10.06.2021 22:21:12;-51;93;wschod;0,1178;srednie
10.06.2021 23:21:12;-61;387;polnoc;0,5586;male
11.06.2021 00:21:12;47;168;zachod;0,9631;brak
11.06.2021 01:21:12;-17;51;wschod;0,326;male
11.06.2021 02:21:12;-79;95;poludnie;0,1916;srednie
11.06.2021 03:21:12;-78;119;wschod;0,0166;brak
11.06.2021 04:21:12;-84;77;zachod;0,413;duze
11.06.2021 05:21:12;-55;159;polnoc;0,3363;brak
11.06.2021 06:21:12;-36;211;polnoc;0,2943;duze
11.06.2021 07:21:12;-38;265;wschod;0,7479;male
11.06.2021 08:21:12;27;189;poludnie;0,8188;male
11.06.2021 09:21:12;-88;163;polnoc;0,3228;srednie
11.06.2021 10:21:12;-47;293;polnoc;0,895;male
11.06.2021 11:21:12;-76;254;zachod;0,7834;srednie
11.06.2021 12:21:12;56;258;polnoc;0,6999;brak
11.06.2021 13:21:12;-67;312;polnoc;0,2349;male
11.06.2021 14:21:12;-84;71;polnoc;0,0344;duze
11.06.2021 15:21:12;7;122;polnoc;0,2943;male
11.06.2021 16:21:12;-51;109;polnoc;0,6118;male
11.06.2021 17:21:12;-76;325;poludnie;0,5135;male
11.06.2021 18:21:12;-54;313;wschod;0,3506;srednie
11.06.2021 19:21:12;2;11;polnoc;0,0716;male
11.06.2021 20:21:12;28;349;wschod;0,8109;duze
11.06.2021 21:21:12;-85;103;wschod;0,5658;srednie
11.06.2021 22:21:12;7;318;wschod;0,8702;srednie
11.06.2021 23:21:12;-2;382;polnoc;0,4468;brak
12.06.2021 00:21:12;43;215;wschod;0,4269;srednie
12.06.2021 01:21:12;-60;341;zachod;0,7295;duze
12.06.2021 02:21:12;-8;299;polnoc;0,0971;duze
12.06.2021 03:21:12;-53;314;wschod;0,6571;srednie
12.06.2021 04:21:12;-52;142;polnoc;0,6778;male
12.06.2021 05:21:12;-7;16;zachod;0,1516;srednie
12.06.2021 06:21:12;-49;165;wschod;0,8982;srednie
12.06.2021 07:21:12;51;270;wschod;0,0367;duze
12.06.2021 08:21:12;28;109;polnoc;0,0927;brak
12.06.2021 09:21:12;-49;277;zachod;0,9471;duze
12.06.2021 10:21:12;22;60;zachod;0,4657;brak
12.06.2021 11:21:12;24;174;zachod;0,6108;srednie
12.06.2021 12:21:12;-33;295;zachod;0,4212;srednie
12.06.2021 13:21:12;-69;12;wschod;0,2197;duze
12.06.2021 14:21:12;13;91;poludnie;0,5089;srednie
12.06.2021 15:21:12;5;260;wschod;0,6772;male
12.06.2021 16:21:12;5;245;zachod;0,2906;brak
12.06.2021 17:21:12;25;386;wschod;0,3123;srednie
12.06.2021 18:21:12;-54;404;wschod;0,5636;brak
12.06.2021 19:21:12;46;92;zachod;0,3214;male
12.06.2021 20:21:12;-32;282;polnoc;0,4963;brak
12.06.2021 21:21:12;39;317;poludnie;0,9173;srednie
12.06.2021 22:21:12;57;242;polnoc;0,6801;brak
12.06.2021 23:21:12;-87;382;zachod;0,3754;srednie
13.06.2021 00:21:12;-86;374;zachod;0,768;male
13.06.2021 01:21:12;24;124;zachod;0,9401;brak
13.06.2021 02:21:12;12;95;zachod;0,5255;duze
13.06.2021 03:21:12;35;142;polnoc;0,6635;male
13.06.2021 04:21:12;-63;188;poludnie;0,9645;srednie
13.06.2021 05:21:12;-35;7;polnoc;0,6044;duze
13.06.2021 06:21:12;-72;369;polnoc;0,3058;male
13.06.2021 07:21:12;3;396;zachod;0,9554;brak
13.06.2021 08:21:12;-6;63;zachod;0,0139;srednie
13.06.2021 09:21:12;-59;44;zachod;0,303;brak
13.06.2021 10:21:12;44;235;zachod;0,1479;male
13.06.2021 11:21:12;-5;67;wschod;0,2417;duze
13.06.2021 12:21:12;-28;191;zachod;0,7974;brak
13.06.2021 13:21:12;36;228;polnoc;0,1954;brak
13.06.2021 14:21:12;32;48;polnoc;0,6283;srednie
13.06.2021 15:21:12;53;99;polnoc;0,2253;male
13.06.2021 16:21:12;-21;329;polnoc;0,9828;srednie
13.06.2021 17:21:12;-80;353;poludnie;0,4164;male
13.06.2021 18:21:12;-85;70;wschod;0,2489;brak
13.06.2021 19:21:12;-24;312;zachod;0,311;brak
13.06.2021 20:21:12;-70;178;polnoc;0,3274;brak
13.06.2021 21:21:12;57;227;polnoc;0,9818;brak
13.06.2021 22:21:12;58;158;polnoc;0,4312;male
13.06.2021 23:21:12;36;23;polnoc;0,9503;brak
14.06.2021 00:21:12;-71;159;zachod;0,5628;srednie
14.06.2021 01:21:12;-41;384;wschod;0,2315;brak
14.06.2021 02:21:12;15;97;polnoc;0,3392;brak
14.06.2021 03:21:12;22;294;zachod;0,0567;duze
14.06.2021 04:21:12;-13;29;zachod;0,5604;male
14.06.2021 05:21:12;-20;151;wschod;0,107;brak
14.06.2021 06:21:12;49;25;zachod;0,5087;duze
14.06.2021 07:21:12;23;228;zachod;0,0678;duze
14.06.2021 08:21:12;48;24;wschod;0,6075;male
14.06.2021 09:21:12;-50;247;zachod;0,2799;duze
14.06.2021 10:21:12;51;271;poludnie;0,4472;brak
14.06.2021 11:21:12;-57;349;polnoc;0,2958;brak
14.06.2021 12:21:12;-1;251;wschod;0,1843;srednie
14.06.2021 13:21:12;-66;353;polnoc;0,7928;brak
14.06.2021 14:21:12;-14;8;zachod;0,6304;duze
14.06.2021 15:21:12;-66;28;wschod;0,0464;brak
14.06.2021 16:21:12;41;238;wschod;0,1994;brak
14.06.2021 17:21:12;37;399;wschod;0,0685;duze
14.06.2021 18:21:12;48;36;wschod;0,155;duze
14.06.2021 19:21:12;44;177;wschod;0,6763;male
14.06.2021 20:21:12;53;107;wschod;0,63;male
14.06.2021 21:21:12;36;354;poludnie;0,8253;srednie
14.06.2021 22:21:12;52;399;wschod;0,438;brak
14.06.2021 23:21:12;-13;348;poludnie;0,6534;duze
15.06.2021 00:21:12;11;263;poludnie;0,2422;duze
15.06.2021 01:21:12;-88;231;polnoc;0,8964;male
15.06.2021 02:21:12;-62;94;poludnie;0,8968;male
15.06.2021 03:21:12;-80;259;poludnie;0,638;male
15.06.2021 04:21:12;-5;172;wschod;0,2265;brak
15.06.2021 05:21:12;-48;261;zachod;0,9273;srednie
15.06.2021 06:21:12;1;130;wschod;0,6062;male
15.06.2021 07:21:12;22;72;wschod;0,3443;brak
15.06.2021 08:21:12;-16;296;wschod;0,0671;male
15.06.2021 09:21:12;-5;403;poludnie;0,1334;male
15.06.2021 10:21:12;-23;313;polnoc;0,6589;male
15.06.2021 11:21:12;-5;135;poludnie;0,2912;male
15.06.2021 12:21:12;-32;240;zachod;0,8234;srednie
15.06.2021 13:21:12;-75;1;polnoc;0,8072;male
15.06.2021 14:21:12;34;293;zachod;0,9531;male
15.06.2021 15:21:12;32;243;polnoc;0,4651;brak
15.06.2021 16:21:12;57;349;zachod;0,3525;brak
15.06.2021 17:21:12;40;337;zachod;0,6382;brak
15.06.2021 18:21:12;-35;373;zachod;0,1924;brak
15.06.2021 19:21:12;40;275;wschod;0,0757;duze
15.06.2021 20:21:12;3;287;wschod;0,3063;duze
15.06.2021 21:21:12;-40;30;zachod;0,8907;male
15.06.2021 22:21:12;-75;178;polnoc;0,5992;srednie
15.06.2021 23:21:12;-84;306;wschod;0,7481;male
16.06.2021 00:21:12;-48;271;polnoc;0,3442;brak
16.06.2021 01:21:12;-1;373;wschod;0,7606;duze
16.06.2021 02:21:12;-47;404;polnoc;0,6697;duze
16.06.2021 03:21:12;-88;109;polnoc;0,8171;duze
16.06.2021 04:21:12;27;116;polnoc;0,385;brak
16.06.2021 05:21:12;32;312;poludnie;0,3131;duze
16.06.2021 06:21:12;1;246;poludnie;0,8785;srednie
16.06.2021 07:21:12;58;136;polnoc;0,2957;duze
16.06.2021 08:21:12;-74;315;zachod;0,3516;duze
16.06.2021 09:21:12;46;80;poludnie;0,244;brak
16.06.2021 10:21:12;28;361;poludnie;0,3727;duze
16.06.2021 11:21:12;-53;129;poludnie;0,2222;duze
16.06.2021 12:21:12;-86;387;polnoc;0,7683;srednie
16.06.2021 13:21:12;0;96;polnoc;0,4288;male
16.06.2021 14:21:12;46;387;polnoc;0,3994;srednie
16.06.2021 15:21:12;-33;93;poludnie;0,2384;srednie
16.06.2021 16:21:12;-33;42;polnoc;0,2319;male
16.06.2021 17:21:12;47;124;wschod;0,6611;duze
16.06.2021 18:21:12;-23;383;polnoc;0,7869;srednie
16.06.2021 19:21:12;22;179;polnoc;0,6091;brak
16.06.2021 20:21:12;-25;371;zachod;0,6921;male
16.06.2021 21:21:12;9;204;poludnie;0,8973;male
16.06.2021 22:21:12;-16;119;wschod;0,7812;male
16.06.2021 23:21:12;-13;163;polnoc;0,9503;srednie
17.06.2021 00:21:12;21;32;wschod;0,6735;brak
17.06.2021 01:21:12;34;124;poludnie;0,248;srednie
17.06.2021 02:21:12;5;158;wschod;0,882;brak
17.06.2021 03:21:12;31;100;wschod;0,5499;brak
17.06.2021 04:21:12;-58;312;poludnie;0,1911;brak
17.06.2021 05:21:12;31;50;wschod;0,9205;duze
17.06.2021 06:21:12;2;391;wschod;0,9052;duze
17.06.2021 07:21:12;-77;158;polnoc;0,9096;brak
17.06.2021 08:21:12;5;383;wschod;0,8554;srednie
17.06.2021 09:21:12;39;119;poludnie;0,7068;duze
17.06.2021 10:21:12;-14;319;polnoc;0,852;brak
17.06.2021 11:21:12;14;129;wschod;0,0241;brak
17.06.2021 12:21:12;17;188;wschod;0,8157;srednie
17.06.2021 13:21:12;-39;351;poludnie;0,3473;brak
17.06.2021 14:21:12;14;286;poludnie;0,5175;duze
17.06.2021 15:21:12;-30;315;polnoc;0,3121;brak
17.06.2021 16:21:12;12;82;zachod;0,8131;srednie
17.06.2021 17:21:12;-62;103;wschod;0,9214;male
17.06.2021 18:21:12;-59;150;poludnie;0,4978;male
17.06.2021 19:21:12;-60;85;poludnie;0,1376;male
17.06.2021 20:21:12;-85;375;wschod;0,9927;male
17.06.2021 21:21:12;-41;89;polnoc;0,2891;male
17.06.2021 22:21:12;-10;186;zachod;0,255;male
17.06.2021 23:21:12;-72;179;wschod;0,4819;srednie
18.06.2021 00:21:12;12;281;poludnie;0,797;male
18.06.2021 01:21:12;17;206;poludnie;0,5121;male
18.06.2021 02:21:12;-56;158;poludnie;0,402;male
18.06.2021 03:21:12;-25;88;zachod;0,2034;duze
18.06.2021 04:21:12;1;383;wschod;0,662;srednie
18.06.2021 05:21:12;-79;329;zachod;0,5483;male
18.06.2021 06:21:12;-41;265;wschod;0,6142;srednie
18.06.2021 07:21:12;-39;398;wschod;0,0051;srednie
18.06.2021 08:21:12;34;180;zachod;0,5376;male
18.06.2021 09:21:12;-16;166;wschod;0,2775;brak
18.06.2021 10:21:12;56;3;poludnie;0,7018;srednie
18.06.2021 11:21:12;11;323;wschod;0,6951;male
18.06.2021 12:21:12;45;80;wschod;0,9892;srednie
18.06.2021 13:21:12;-12;72;wschod;0,8867;male
18.06.2021 14:21:12;-13;155;wschod;0,6627;srednie
18.06.2021 15:21:12;-87;190;polnoc;0,9893;srednie
18.06.2021 16:21:12;-85;20;poludnie;0,8969;brak
18.06.2021 17:21:12;-23;129;zachod;0,0213;srednie
18.06.2021 18:21:12;-40;76;wschod;0,9249;duze
18.06.2021 19:21:12;39;194;poludnie;0,6197;male
18.06.2021 20:21:12;33;108;zachod;0,135;duze
18.06.2021 21:21:12;50;183;poludnie;0,9335;male
18.06.2021 22:21:12;-32;236;wschod;0,9809;srednie
18.06.2021 23:21:12;25;22;poludnie;0,4427;duze
19.06.2021 00:21:12;51;169;polnoc;0,7017;duze
19.06.2021 01:21:12;25;399;zachod;0,0329;brak
19.06.2021 02:21:12;28;23;polnoc;0,3542;male
19.06.2021 03:21:12;56;194;polnoc;0,3289;duze
19.06.2021 04:21:12;-61;384;zachod;0,9577;duze
19.06.2021 05:21:12;-85;364;zachod;0,2018;duze
19.06.2021 06:21:12;-56;119;poludnie;0,5159;brak
19.06.2021 07:21:12;-66;273;polnoc;0,9425;srednie
19.06.2021 08:21:12;-85;269;poludnie;0,5512;brak
19.06.2021 09:21:12;-52;310;wschod;0,9583;male
19.06.2021 10:21:12;37;150;zachod;0,3111;srednie
19.06.2021 11:21:12;-56;31;wschod;0,2372;srednie
19.06.2021 12:21:12;-42;223;zachod;0,0766;male
19.06.2021 13:21:12;46;228;wschod;0,26;duze
19.06.2021 14:21:12;-60;106;poludnie;0,8059;male
19.06.2021 15:21:12;-46;385;poludnie;0,8653;brak
19.06.2021 16:21:12;-49;184;wschod;0,6508;brak
19.06.2021 17:21:12;43;251;polnoc;0,4051;brak
19.06.2021 18:21:12;-2;280;poludnie;0,0447;male
19.06.2021 19:21:12;51;352;wschod;0,0964;male
19.06.2021 20:21:12;-77;274;zachod;0,2037;male
19.06.2021 21:21:12;21;294;poludnie;0,3806;male
19.06.2021 22:21:12;-57;161;poludnie;0,8811;male
19.06.2021 23:21:12;42;341;zachod;0,4845;brak
20.06.2021 00:21:12;-31;279;wschod;0,8168;srednie
20.06.2021 01:21:12;46;291;zachod;0,0666;male
20.06.2021 02:21:12;43;396;wschod;0,7988;duze
20.06.2021 03:21:12;-44;171;poludnie;0,5296;srednie
20.06.2021 04:21:12;16;344;poludnie;0,9224;brak
20.06.2021 05:21:12;-31;323;polnoc;0,1935;srednie
20.06.2021 06:21:12;-86;401;poludnie;0,905;male
20.06.2021 07:21:12;-20;23;zachod;0,4216;srednie
20.06.2021 08:21:12;-80;300;wschod;0,0894;srednie
20.06.2021 09:21:12;-63;61;wschod;0,5174;brak
20.06.2021 10:21:12;-58;250;wschod;0,0599;srednie
20.06.2021 11:21:12;-6;315;wschod;0,1872;male
20.06.2021 12:21:12;58;232;wschod;0,7523;duze
20.06.2021 13:21:12;-78;402;polnoc;0,8434;male
20.06.2021 14:21:12;41;345;wschod;0,6055;srednie
20.06.2021 15:21:12;-9;146;zachod;0,8939;male
20.06.2021 16:21:12;-88;377;polnoc;0,3198;duze
20.06.2021 17:21:12;-7;60;zachod;0,3174;duze
20.06.2021 18:21:12;-33;384;polnoc;0,702;brak
20.06.2021 19:21:12;-32;100;wschod;0,5891;brak
20.06.2021 20:21:12;-31;252;wschod;0,1338;srednie
20.06.2021 21:21:12;-86;49;wschod;0,9837;duze
20.06.2021 22:21:12;-27;297;zachod;0,4708;male
20.06.2021 23:21:12;35;123;wschod;0,195;brak
21.06.2021 00:21:12;56;354;poludnie;0,7736;brak
21.06.2021 01:21:12;24;22;zachod;0,6178;srednie
21.06.2021 02:21:12;-41;340;wschod;0,527;male
21.06.2021 03:21:12;8;188;poludnie;0,2881;srednie
21.06.2021 04:21:12;-77;233;zachod;0,447;duze
21.06.2021 05:21:12;-65;215;wschod;0,4427;brak
21.06.2021 06:21:12;-27;78;poludnie;0,7972;male
21.06.2021 07:21:12;48;205;poludnie;0,8793;male
21.06.2021 08:21:12;-47;163;polnoc;0,71;srednie
21.06.2021 09:21:12;5;13;zachod;0,4279;brak
21.06.2021 10:21:12;-42;246;polnoc;0,0703;brak
21.06.2021 11:21:12;58;18;wschod;0,4492;male
21.06.2021 12:21:12;37;298;polnoc;0,9611;srednie
21.06.2021 13:21:12;6;278;wschod;0,5444;male
21.06.2021 14:21:12;-64;259;wschod;0,5783;brak
21.06.2021 15:21:12;-35;277;zachod;0,9159;brak
21.06.2021 16:21:12;52;239;polnoc;0,6115;duze
21.06.2021 17:21:12;-72;52;zachod;0,4477;srednie
21.06.2021 18:21:12;42;62;zachod;0,706;duze
21.06.2021 19:21:12;39;87;zachod;0,1174;duze
21.06.2021 20:21:12;-26;308;wschod;0,7583;duze
21.06.2021 21:21:12;-36;122;poludnie;0,1768;srednie
21.06.2021 22:21:12;-86;78;wschod;0,6712;brak
21.06.2021 23:21:12;48;113;poludnie;0,3656;male
22.06.2021 00:21:12;20;236;polnoc;0,3577;male
22.06.2021 01:21:12;26;60;poludnie;0,709;duze
22.06.2021 02:21:12;11;305;poludnie;0,3347;brak
22.06.2021 03:21:12;-52;139;wschod;0,4444;male
22.06.2021 04:21:12;-74;240;polnoc;0,2368;duze
22.06.2021 05:21:12;-7;391;wschod;0,8501;duze
22.06.2021 06:21:12;-56;14;polnoc;0,9088;male
22.06.2021 07:21:12;-74;156;wschod;0,3912;srednie
22.06.2021 08:21:12;-56;324;zachod;0,154;duze
22.06.2021 09:21:12;27;199;wschod;0,162;srednie
22.06.2021 10:21:12;-82;148;wschod;0,3142;brak
22.06.2021 11:21:12;10;248;poludnie;0,8627;male
22.06.2021 12:21:12;28;313;poludnie;0,2246;brak
22.06.2021 13:21:12;-76;139;zachod;0,175;srednie
22.06.2021 14:21:12;-72;120;zachod;0,5328;srednie
22.06.2021 15:21:12;4;11;wschod;0,2048;brak
22.06.2021 16:21:12;-17;314;polnoc;0,2784;srednie
22.06.2021 17:21:12;-87;375;polnoc;0,7388;brak
22.06.2021 18:21:12;-88;77;polnoc;0,0354;srednie
22.06.2021 19:21:12;-75;145;wschod;0,8825;srednie
22.06.2021 20:21:12;-18;82;wschod;0,3313;brak
22.06.2021 21:21:12;1;253;zachod;0,7145;brak
22.06.2021 22:21:12;-28;178;wschod;0,4909;male
22.06.2021 23:21:12;-76;25;polnoc;0,3335;male
23.06.2021 00:21:12;-71;131;polnoc;0,2973;srednie
23.06.2021 01:21:12;21;33;zachod;0,3442;srednie
23.06.2021 02:21:12;-66;192;poludnie;0,5358;brak
23.06.2021 03:21:12;-88;126;wschod;0,2443;srednie
23.06.2021 04:21:12;37;317;wschod;0,8359;duze
23.06.2021 05:21:12;-47;136;wschod;0,9116;male
23.06.2021 06:21:12;-68;145;zachod;0,9949;duze
23.06.2021 07:21:12;-37;157;wschod;0,1549;brak
23.06.2021 08:21:12;-19;274;polnoc;0,5048;male
23.06.2021 09:21:12;-70;153;polnoc;0,7196;srednie
23.06.2021 10:21:12;6;282;zachod;0,4886;duze
23.06.2021 11:21:12;-84;99;poludnie;0,2962;srednie
23.06.2021 12:21:12;-58;240;polnoc;0,6661;duze
23.06.2021 13:21:12;43;269;wschod;0,911;duze
23.06.2021 14:21:12;-6;296;zachod;0,2007;brak
23.06.2021 15:21:12;-22;103;poludnie;0,4181;male
23.06.2021 16:21:12;-68;329;wschod;0,0772;srednie
23.06.2021 17:21:12;50;15;poludnie;0,2372;male
23.06.2021 18:21:12;-14;24;poludnie;0,8534;brak
23.06.2021 19:21:12;28;25;polnoc;0,3573;srednie
23.06.2021 20:21:12;-41;55;wschod;0,7884;duze
23.06.2021 21:21:12;-56;341;zachod;0,2737;srednie
23.06.2021 22:21:12;-45;295;poludnie;0,2495;duze
23.06.2021 23:21:12;-1;25;zachod;0,9946;brak
24.06.2021 00:21:12;19;262;wschod;0,473;duze
24.06.2021 01:21:12;57;382;polnoc;0,0593;male
24.06.2021 02:21:12;-73;104;wschod;0,3972;duze
24.06.2021 03:21:12;-67;264;poludnie;0,5777;srednie
24.06.2021 04:21:12;-77;375;polnoc;0,6996;duze
24.06.2021 05:21:12;8;264;zachod;0,3468;male
24.06.2021 06:21:12;-62;361;poludnie;0,5924;duze
24.06.2021 07:21:12;38;314;polnoc;0,2013;brak
24.06.2021 08:21:12;-75;212;poludnie;0,7762;brak
24.06.2021 09:21:12;-42;206;zachod;0,5593;srednie
24.06.2021 10:21:12;37;338;poludnie;0,7053;srednie
24.06.2021 11:21:12;-77;133;polnoc;0,4507;brak
24.06.2021 12:21:12;-70;124;polnoc;0,8724;srednie
24.06.2021 13:21:12;50;219;poludnie;0,2227;male
24.06.2021 14:21:12;55;169;zachod;0,1135;srednie
24.06.2021 15:21:12;9;114;polnoc;0,8006;male
24.06.2021 16:21:12;-34;384;wschod;0,7252;male
24.06.2021 17:21:12;-26;321;zachod;0,7174;duze
24.06.2021 18:21:12;47;305;polnoc;0,9161;duze
24.06.2021 19:21:12;-31;86;polnoc;0,0632;brak
24.06.2021 20:21:12;-63;188;wschod;0,2446;male
24.06.2021 21:21:12;30;352;poludnie;0,7948;srednie
24.06.2021 22:21:12;-67;101;polnoc;0,0969;brak
24.06.2021 23:21:12;-41;375;poludnie;0,9256;srednie
25.06.2021 00:21:12;-63;5;zachod;0,0963;srednie
25.06.2021 01:21:12;-48;305;wschod;0,1755;brak
25.06.2021 02:21:12;11;146;wschod;0,3635;srednie
25.06.2021 03:21:12;-50;397;polnoc;0,6522;srednie
25.06.2021 04:21:12;33;154;polnoc;0,4192;srednie
25.06.2021 05:21:12;-37;79;polnoc;0,6917;srednie
25.06.2021 06:21:12;-17;300;polnoc;0,1033;male
25.06.2021 07:21:12;3;121;zachod;0,5818;duze
25.06.2021 08:21:12;-63;69;poludnie;0,6529;duze
25.06.2021 09:21:12;-46;93;polnoc;0,0994;duze
25.06.2021 10:21:12;-88;194;wschod;0,3294;male
25.06.2021 11:21:12;-2;266;polnoc;0,3347;brak
25.06.2021 12:21:12;44;362;wschod;0,0725;brak
25.06.2021 13:21:12;17;212;polnoc;0,9754;brak
25.06.2021 14:21:12;58;113;poludnie;0,0135;brak
25.06.2021 15:21:12;-8;341;zachod;0,7162;duze
25.06.2021 16:21:12;10;122;poludnie;0,6853;srednie
25.06.2021 17:21:12;-14;299;wschod;0,8454;srednie
25.06.2021 18:21:12;10;218;wschod;0,0781;male
25.06.2021 19:21:12;2;365;zachod;0,665;brak
25.06.2021 20:21:12;23;262;zachod;0,7639;duze
25.06.2021 21:21:12;-58;88;wschod;0,3081;duze
25.06.2021 22:21:12;-81;309;polnoc;0,1038;srednie
25.06.2021 23:21:12;47;36;polnoc;0,4126;duze
26.06.2021 00:21:12;14;177;polnoc;0,6819;srednie
26.06.2021 01:21:12;-5;241;polnoc;0,611;srednie
26.06.2021 02:21:12;-67;376;poludnie;0,1903;brak
26.06.2021 03:21:12;4;65;wschod;0,6292;duze
26.06.2021 04:21:12;-85;367;wschod;0,9158;srednie
26.06.2021 05:21:12;4;135;polnoc;0,7444;male
26.06.2021 06:21:12;-67;168;polnoc;0,3082;male
26.06.2021 07:21:12;7;241;polnoc;0,2364;brak
26.06.2021 08:21:12;-4;206;zachod;0,5206;brak
26.06.2021 09:21:12;-13;60;polnoc;0,0298;duze
26.06.2021 10:21:12;14;184;polnoc;0,0396;srednie
26.06.2021 11:21:12;-10;400;polnoc;0,0823;srednie
26.06.2021 12:21:12;15;43;zachod;0,5414;male
26.06.2021 13:21:12;6;295;polnoc;0,4984;male
26.06.2021 14:21:12;24;86;wschod;0,3403;brak
26.06.2021 15:21:12;-20;58;polnoc;0,6426;male
26.06.2021 16:21:12;-6;237;poludnie;0,0142;brak
26.06.2021 17:21:12;52;143;poludnie;0,6816;srednie
26.06.2021 18:21:12;5;395;wschod;0,3559;brak
26.06.2021 19:21:12;-5;362;wschod;0,3312;srednie
26.06.2021 20:21:12;10;356;wschod;0,4515;duze
26.06.2021 21:21:12;-72;234;wschod;0,337;brak
26.06.2021 22:21:12;-16;83;polnoc;0,2862;brak
26.06.2021 23:21:12;-32;98;polnoc;0,308;brak
27.06.2021 00:21:12;-66;134;polnoc;0,2621;srednie
27.06.2021 01:21:12;-73;295;zachod;0,7581;duze
27.06.2021 02:21:12;-22;294;poludnie;0,936;srednie
27.06.2021 03:21:12;-31;220;wschod;0,9573;srednie
27.06.2021 04:21:12;39;59;wschod;0,2748;brak
27.06.2021 05:21:12;-51;67;zachod;0,9901;duze
27.06.2021 06:21:12;-46;39;polnoc;0,7198;srednie
27.06.2021 07:21:12;14;248;polnoc;0,3463;srednie
27.06.2021 08:21:12;51;327;poludnie;0,6299;male
27.06.2021 09:21:12;-17;36;poludnie;0,5091;srednie
27.06.2021 10:21:12;-46;146;zachod;0,5285;srednie
27.06.2021 11:21:12;57;244;zachod;0,3664;duze
27.06.2021 12:21:12;48;33;wschod;0,0596;male
27.06.2021 13:21:12;-2;161;poludnie;0,0322;brak
27.06.2021 14:21:12;-40;84;zachod;0,2241;brak
27.06.2021 15:21:12;-49;265;polnoc;0,4667;brak
27.06.2021 16:21:12;39;255;wschod;0,3494;male
27.06.2021 17:21:12;-77;283;polnoc;0,6512;brak
27.06.2021 18:21:12;21;390;polnoc;0,3722;duze
27.06.2021 19:21:12;-72;228;poludnie;0,6009;duze
27.06.2021 20:21:12;21;358;wschod;0,4939;male
27.06.2021 21:21:12;-61;43;zachod;0,4894;brak
27.06.2021 22:21:12;-5;223;zachod;0,7329;brak
27.06.2021 23:21:12;22;158;polnoc;0,7451;brak
28.06.2021 00:21:12;-19;138;wschod;0,0633;brak
28.06.2021 01:21:12;48;85;polnoc;0,9937;srednie
28.06.2021 02:21:12;27;54;poludnie;0,2089;srednie
28.06.2021 03:21:12;-11;44;poludnie;0,6404;brak
28.06.2021 04:21:12;-45;23;wschod;0,5104;srednie
28.06.2021 05:21:12;-58;277;polnoc;0,3307;duze
28.06.2021 06:21:12;55;10;poludnie;0,5193;duze
28.06.2021 07:21:12;-43;273;poludnie;0,9031;male
28.06.2021 08:21:12;29;84;zachod;0,883;brak
28.06.2021 09:21:12;-17;204;zachod;0,4404;duze
28.06.2021 10:21:12;-60;261;poludnie;0,9252;brak
28.06.2021 11:21:12;6;403;wschod;0,7159;srednie
28.06.2021 12:21:12;45;171;poludnie;0,3666;srednie
28.06.2021 13:21:12;-18;279;polnoc;0,909;srednie
28.06.2021 14:21:12;-14;108;poludnie;0,5198;duze
28.06.2021 15:21:12;-82;65;wschod;0,0887;duze
28.06.2021 16:21:12;51;351;zachod;0,8681;male
28.06.2021 17:21:12;18;267;zachod;0,2515;duze
28.06.2021 18:21:12;-43;404;wschod;0,0106;brak
28.06.2021 19:21:12;50;337;polnoc;0,5905;srednie
28.06.2021 20:21:12;-77;74;polnoc;0,5281;male
28.06.2021 21:21:12;-15;173;wschod;0,532;brak
28.06.2021 22:21:12;-50;356;poludnie;0,1412;duze
28.06.2021 23:21:12;14;2;zachod;0,5401;srednie
29.06.2021 00:21:12;-36;390;polnoc;0,0157;male
29.06.2021 01:21:12;-74;56;poludnie;0,4474;srednie
29.06.2021 02:21:12;-25;33;zachod;0,54;brak
29.06.2021 03:21:12;-42;403;polnoc;0,3584;male
29.06.2021 04:21:12;-75;174;poludnie;0,5229;duze
29.06.2021 05:21:12;-73;185;poludnie;0,2435;duze
29.06.2021 06:21:12;-35;70;poludnie;0,3723;male
29.06.2021 07:21:12;13;17;zachod;0,3309;brak
29.06.2021 08:21:12;-50;402;zachod;0,5833;srednie
29.06.2021 09:21:12;-26;61;zachod;0,7491;male
29.06.2021 10:21:12;7;7;zachod;0,4521;brak
29.06.2021 11:21:12;9;304;polnoc;0,8393;brak
29.06.2021 12:21:12;-60;344;poludnie;0,3393;brak
29.06.2021 13:21:12;-18;326;poludnie;0,6376;brak
29.06.2021 14:21:12;-70;150;poludnie;0,3941;srednie
29.06.2021 15:21:12;-20;381;polnoc;0,8573;male
29.06.2021 16:21:12;-54;357;zachod;0,5479;male
29.06.2021 17:21:12;16;203;poludnie;0,1836;brak
29.06.2021 18:21:12;46;86;wschod;0,0415;srednie
29.06.2021 19:21:12;-64;159;wschod;0,1774;male
29.06.2021 20:21:12;-71;230;wschod;0,6652;duze
29.06.2021 21:21:12;-28;12;polnoc;0,0664;male
29.06.2021 22:21:12;-76;19;poludnie;0,6582;male
29.06.2021 23:21:12;-72;307;polnoc;0,9985;male
30.06.2021 00:21:12;-45;101;poludnie;0,6896;brak
30.06.2021 01:21:12;-26;251;polnoc;0,8416;duze
30.06.2021 02:21:12;42;207;poludnie;0,2909;male
30.06.2021 03:21:12;21;17;wschod;0,8006;male
30.06.2021 04:21:12;0;374;polnoc;0,0369;duze
30.06.2021 05:21:12;-37;217;poludnie;0,7005;brak
30.06.2021 06:21:12;-30;9;zachod;0,7752;male
30.06.2021 07:21:12;14;296;wschod;0,0895;duze
30.06.2021 08:21:12;-31;60;wschod;0,4106;male
30.06.2021 09:21:12;31;382;polnoc;0,2269;duze
30.06.2021 10:21:12;44;389;polnoc;0,1829;srednie
30.06.2021 11:21:12;48;298;polnoc;0,6212;duze
30.06.2021 12:21:12;-14;170;zachod;0,3489;srednie
30.06.2021 13:21:12;-32;343;zachod;0,719;male
30.06.2021 14:21:12;50;24;wschod;0,9383;brak
30.06.2021 15:21:12;-27;229;polnoc;0,1977;brak
30.06.2021 16:21:12;37;60;poludnie;0,6263;brak
30.06.2021 17:21:12;-55;170;polnoc;0,1525;duze
30.06.2021 18:21:12;-73;331;wschod;0,6907;duze
30.06.2021 19:21:12;-58;35;poludnie;0,1756;brak
30.06.2021 20:21:12;-7;197;polnoc;0,0151;brak
30.06.2021 21:21:12;-4;135;polnoc;0,2386;male
30.06.2021 22:21:12;-4;52;zachod;0,3076;srednie
30.06.2021 23:21:12;-60;356;polnoc;0,7887;duze
01.07.2021 00:21:12;-41;43;poludnie;0,4156;duze
01.07.2021 01:21:12;-5;354;poludnie;0,7114;srednie
01.07.2021 02:21:12;-25;311;polnoc;0,6008;brak
01.07.2021 03:21:12;-74;202;poludnie;0,9027;brak
01.07.2021 04:21:12;-43;13;zachod;0,0487;male
01.07.2021 05:21:12;32;122;wschod;0,522;male
01.07.2021 06:21:12;-43;102;polnoc;0,4331;srednie
01.07.2021 07:21:12;10;304;wschod;0,5075;duze
01.07.2021 08:21:12;20;368;wschod;0,3473;brak
01.07.2021 09:21:12;-82;56;poludnie;0,0996;male
01.07.2021 10:21:12;21;228;poludnie;0,227;male
01.07.2021 11:21:12;-31;254;zachod;0,2394;duze
01.07.2021 12:21:12;51;308;zachod;0,5107;male
01.07.2021 13:21:12;-38;383;poludnie;0,1298;duze
01.07.2021 14:21:12;31;378;wschod;0,8521;brak
01.07.2021 15:21:12;5;110;polnoc;0,4409;brak
01.07.2021 16:21:12;22;383;wschod;0,5321;srednie
01.07.2021 17:21:12;12;41;zachod;0,9208;brak
01.07.2021 18:21:12;58;169;polnoc;0,9868;male
01.07.2021 19:21:12;-73;292;polnoc;0,6705;duze
01.07.2021 20:21:12;-44;267;polnoc;0,0129;brak
01.07.2021 21:21:12;48;183;zachod;0,3311;srednie
01.07.2021 22:21:12;12;137;zachod;0,0666;male
01.07.2021 23:21:12;-4;344;zachod;0,387;duze
02.07.2021 00:21:12;-16;104;poludnie;0,8034;srednie
02.07.2021 01:21:12;-56;187;polnoc;0,402;brak
02.07.2021 02:21:12;-82;25;zachod;0,1092;duze
02.07.2021 03:21:12;2;391;polnoc;0,0708;duze
02.07.2021 04:21:12;-84;11;poludnie;0,9338;male
02.07.2021 05:21:12;0;314;zachod;0,0408;brak
02.07.2021 06:21:12;-47;36;zachod;0,5416;brak
02.07.2021 07:21:12;-22;296;polnoc;0,0092;male
02.07.2021 08:21:12;-4;124;polnoc;0,0922;duze
02.07.2021 09:21:12;-27;182;polnoc;0,0604;male
02.07.2021 10:21:12;-66;305;polnoc;0,9432;brak
02.07.2021 11:21:12;24;351;wschod;0,8837;duze
02.07.2021 12:21:12;6;237;polnoc;0,6579;duze
02.07.2021 13:21:12;-84;138;polnoc;0,4306;brak
02.07.2021 14:21:12;-73;209;wschod;0,599;male
02.07.2021 15:21:12;-45;269;zachod;0,4468;duze
02.07.2021 16:21:12;-54;206;wschod;0,352;brak
02.07.2021 17:21:12;53;11;polnoc;0,2336;srednie
02.07.2021 18:21:12;46;261;poludnie;0,832;srednie
02.07.2021 19:21:12;-60;39;poludnie;0,8074;brak
02.07.2021 20:21:12;-35;40;poludnie;0,0502;duze
02.07.2021 21:21:12;-48;101;wschod;0,257;brak
02.07.2021 22:21:12;-59;251;polnoc;0,2451;srednie
02.07.2021 23:21:12;-54;7;wschod;0,0547;brak
03.07.2021 00:21:12;-68;123;poludnie;0,8585;srednie
03.07.2021 01:21:12;-60;147;polnoc;0,808;male
03.07.2021 02:21:12;-61;388;poludnie;0,2017;brak
03.07.2021 03:21:12;0;81;polnoc;0,6524;duze
03.07.2021 04:21:12;-44;296;wschod;0,8099;duze
03.07.2021 05:21:12;-60;90;wschod;0,1952;srednie
03.07.2021 06:21:12;2;15;wschod;0,3339;srednie
03.07.2021 07:21:12;-71;190;poludnie;0,6427;brak
03.07.2021 08:21:12;1;142;polnoc;0,203;brak
03.07.2021 09:21:12;-3;297;polnoc;0,7719;brak
03.07.2021 10:21:12;-40;23;zachod;0,6574;brak
03.07.2021 11:21:12;31;156;poludnie;0,2048;duze
03.07.2021 12:21:12;-15;22;poludnie;0,9709;male
03.07.2021 13:21:12;-27;42;wschod;0,9205;male
03.07.2021 14:21:12;-35;218;polnoc;0,1318;male
03.07.2021 15:21:12;38;384;wschod;0,8647;srednie
03.07.2021 16:21:12;-17;351;poludnie;0,1162;brak
03.07.2021 17:21:12;-85;262;polnoc;0,776;srednie
03.07.2021 18:21:12;-8;55;wschod;0,7054;duze
03.07.2021 19:21:12;-51;52;wschod;0,0085;duze
03.07.2021 20:21:12;46;4;zachod;0,7447;male
03.07.2021 21:21:12;26;357;wschod;0,5266;duze
03.07.2021 22:21:12;18;204;zachod;0,3412;duze
03.07.2021 23:21:12;-22;170;polnoc;0,6596;male
04.07.2021 00:21:12;-44;163;polnoc;0,88;male
04.07.2021 01:21:12;-26;231;polnoc;0,0982;male
04.07.2021 02:21:12;0;11;polnoc;0,8767;srednie
04.07.2021 03:21:12;-78;181;zachod;0,3375;male
04.07.2021 04:21:12;20;252;polnoc;0,0572;duze
04.07.2021 05:21:12;-56;23;poludnie;0,8173;brak
04.07.2021 06:21:12;50;230;poludnie;0,895;duze
04.07.2021 07:21:12;50;334;poludnie;0,1046;male
04.07.2021 08:21:12;22;266;zachod;0,7151;male
04.07.2021 09:21:12;-10;348;zachod;0,6127;srednie
04.07.2021 10:21:12;-60;194;wschod;0,7705;brak
04.07.2021 11:21:12;-6;195;zachod;0,684;srednie
04.07.2021 12:21:12;-67;256;polnoc;0,3972;srednie
04.07.2021 13:21:12;-28;285;wschod;0,4473;duze
04.07.2021 14:21:12;40;331;polnoc;0,7574;male
04.07.2021 15:21:12;-73;364;polnoc;0,4551;brak
04.07.2021 16:21:12;-11;92;polnoc;0,2846;srednie
04.07.2021 17:21:12;22;40;wschod;0,8587;duze
04.07.2021 18:21:12;41;135;poludnie;0,2388;srednie
04.07.2021 19:21:12;27;270;zachod;0,4442;srednie
04.07.2021 20:21:12;-27;41;polnoc;0,3314;srednie
04.07.2021 21:21:12;-86;384;zachod;0,9523;brak
04.07.2021 22:21:12;-11;172;poludnie;0,0341;brak
04.07.2021 23:21:12;-10;90;zachod;0,9897;srednie
05.07.2021 00:21:12;-41;124;wschod;0,6599;brak
05.07.2021 01:21:12;27;207;wschod;0,5254;srednie
05.07.2021 02:21:12;-25;19;wschod;0,2493;srednie
05.07.2021 03:21:12;-79;108;zachod;0,8323;duze
05.07.2021 04:21:12;-21;376;zachod;0,1098;brak
05.07.2021 05:21:12;10;124;polnoc;0,7947;srednie
05.07.2021 06:21:12;-82;334;poludnie;0,8681;male
05.07.2021 07:21:12;-75;96;wschod;0,8901;srednie
05.07.2021 08:21:12;-59;273;polnoc;0,0249;male
05.07.2021 09:21:12;-21;144;zachod;0,1002;srednie
05.07.2021 10:21:12;-85;249;wschod;0,3306;brak
05.07.2021 11:21:12;0;396;poludnie;0,2699;brak
05.07.2021 12:21:12;-41;5;polnoc;0,8767;duze
05.07.2021 13:21:12;-49;164;wschod;0,5546;duze
05.07.2021 14:21:12;-72;268;zachod;0,1436;brak
05.07.2021 15:21:12;-71;45;wschod;0,9438;srednie
05.07.2021 16:21:12;-34;398;poludnie;0,435;duze
05.07.2021 17:21:12;-71;20;polnoc;0,111;srednie
05.07.2021 18:21:12;28;220;polnoc;0,0479;male
05.07.2021 19:21:12;13;4;polnoc;0,9164;srednie
05.07.2021 20:21:12;51;179;zachod;0,7081;brak
05.07.2021 21:21:12;-10;353;polnoc;0,006;male
05.07.2021 22:21:12;-24;53;polnoc;0,0257;duze
05.07.2021 23:21:12;30;396;wschod;0,2271;brak
06.07.2021 00:21:12;40;262;wschod;0,5768;brak
06.07.2021 01:21:12;-64;21;polnoc;0,8084;male
06.07.2021 02:21:12;-22;290;poludnie;0,282;brak
06.07.2021 03:21:12;42;294;polnoc;0,4441;male
06.07.2021 04:21:12;4;148;polnoc;0,8459;duze
06.07.2021 05:21:12;9;264;wschod;0,4552;brak
06.07.2021 06:21:12;22;55;zachod;0,8864;srednie
06.07.2021 07:21:12;-87;109;polnoc;0,4859;brak
06.07.2021 08:21:12;4;389;wschod;0,6222;brak
06.07.2021 09:21:12;28;252;polnoc;0,4452;duze
06.07.2021 10:21:12;-19;388;zachod;0,2358;duze
06.07.2021 11:21:12;12;376;poludnie;0,09;duze
06.07.2021 12:21:12;-13;334;poludnie;0,1262;male
06.07.2021 13:21:12;0;47;polnoc;0,6209;srednie
06.07.2021 14:21:12;-58;289;poludnie;0,553;male
06.07.2021 15:21:12;30;67;wschod;0,4785;srednie
06.07.2021 16:21:12;-57;345;poludnie;0,3027;duze
06.07.2021 17:21:12;34;23;zachod;0,4386;male
06.07.2021 18:21:12;-76;252;poludnie;0,2172;brak
06.07.2021 19:21:12;-28;38;polnoc;0,8551;duze
06.07.2021 20:21:12;-72;366;wschod;0,6749;male
06.07.2021 21:21:12;-88;266;poludnie;0,0457;brak
06.07.2021 22:21:12;-14;285;zachod;0,1366;brak
06.07.2021 23:21:12;56;258;polnoc;0,2882;male
07.07.2021 00:21:12;-34;102;wschod;0,2733;male
07.07.2021 01:21:12;-17;15;poludnie;0,8532;duze
07.07.2021 02:21:12;-68;203;polnoc;0,5673;srednie
07.07.2021 03:21:12;-84;352;wschod;0,7786;duze
07.07.2021 04:21:12;52;89;poludnie;0,4626;srednie
07.07.2021 05:21:12;-6;93;zachod;0,6759;male
07.07.2021 06:21:12;-43;242;zachod;0,8397;brak
07.07.2021 07:21:12;-13;101;poludnie;0,2121;srednie
07.07.2021 08:21:12;-78;80;polnoc;0,0579;srednie
07.07.2021 09:21:12;-37;358;zachod;0,5804;srednie
07.07.2021 10:21:12;47;177;polnoc;0,8137;srednie
07.07.2021 11:21:12;-86;280;poludnie;0,8595;male
07.07.2021 12:21:12;50;164;wschod;0,0709;male
07.07.2021 13:21:12;41;371;polnoc;0,9821;srednie
07.07.2021 14:21:12;-61;279;polnoc;0,6023;male
07.07.2021 15:21:12;-50;340;polnoc;0,1279;brak
07.07.2021 16:21:12;-25;15;zachod;0,772;srednie
07.07.2021 17:21:12;21;66;poludnie;0,4029;brak
07.07.2021 18:21:12;15;337;wschod;0,2058;duze
07.07.2021 19:21:12;-51;83;zachod;0,9896;srednie
07.07.2021 20:21:12;-12;107;wschod;0,8769;duze
07.07.2021 21:21:12;-66;223;poludnie;0,6117;brak
07.07.2021 22:21:12;-41;41;zachod;0,3758;brak
07.07.2021 23:21:12;-16;276;polnoc;0,3723;brak
08.07.2021 00:21:12;5;61;wschod;0,1161;brak
08.07.2021 01:21:12;15;78;poludnie;0,1275;srednie
08.07.2021 02:21:12;-59;395;wschod;0,1718;male
08.07.2021 03:21:12;36;81;wschod;0,8277;srednie
08.07.2021 04:21:12;-63;26;poludnie;0,3469;brak
08.07.2021 05:21:12;23;346;zachod;0,7287;duze
08.07.2021 06:21:12;-27;361;zachod;0,1104;male
08.07.2021 07:21:12;-1;327;polnoc;0,0893;duze
08.07.2021 08:21:12;-32;67;polnoc;0,23;duze
08.07.2021 09:21:12;-60;363;zachod;0,5519;srednie
08.07.2021 10:21:12;-52;117;poludnie;0,729;duze
08.07.2021 11:21:12;39;58;poludnie;0,5509;srednie
08.07.2021 12:21:12;-52;391;poludnie;0,4461;male
08.07.2021 13:21:12;-22;34;zachod;0,6659;srednie
08.07.2021 14:21:12;26;351;poludnie;0,5814;brak
08.07.2021 15:21:12;28;222;poludnie;0,5045;male
08.07.2021 16:21:12;-58;341;zachod;0,1637;male
08.07.2021 17:21:12;12;212;poludnie;0,5818;brak
08.07.2021 18:21:12;-39;222;zachod;0,5903;brak
08.07.2021 19:21:12;42;306;poludnie;0,1039;srednie
08.07.2021 20:21:12;-28;200;zachod;0,3654;duze
08.07.2021 21:21:12;47;339;zachod;0,2517;srednie
08.07.2021 22:21:12;-2;234;zachod;0,9658;brak
08.07.2021 23:21:12;-79;305;zachod;0,8787;brak
09.07.2021 00:21:12;-34;74;poludnie;0,3944;srednie
09.07.2021 01:21:12;-7;243;polnoc;0,6475;duze
09.07.2021 02:21:12;15;354;zachod;0,6413;brak
09.07.2021 03:21:12;-75;226;polnoc;0,8302;brak
